{
  "model": "knn",
  "accuracy": 0.6863863150392017,
  "train_time_seconds": 0.006158500036690384,
  "classification_report": {
    "0": {
      "precision": 0.7621951219512195,
      "recall": 0.8928571428571429,
      "f1-score": 0.8223684210526315,
      "support": 140.0
    },
    "1": {
      "precision": 0.35135135135135137,
      "recall": 0.9285714285714286,
      "f1-score": 0.5098039215686274,
      "support": 140.0
    },
    "2": {
      "precision": 0.4645161290322581,
      "recall": 0.5106382978723404,
      "f1-score": 0.4864864864864865,
      "support": 141.0
    },
    "3": {
      "precision": 0.8405797101449275,
      "recall": 0.4142857142857143,
      "f1-score": 0.5550239234449761,
      "support": 140.0
    },
    "4": {
      "precision": 0.978494623655914,
      "recall": 0.6453900709219859,
      "f1-score": 0.7777777777777778,
      "support": 141.0
    },
    "5": {
      "precision": 0.8717948717948718,
      "recall": 0.7285714285714285,
      "f1-score": 0.7937743190661478,
      "support": 140.0
    },
    "6": {
      "precision": 0.7731958762886598,
      "recall": 0.5357142857142857,
      "f1-score": 0.6329113924050633,
      "support": 140.0
    },
    "7": {
      "precision": 0.9193548387096774,
      "recall": 0.8142857142857143,
      "f1-score": 0.8636363636363636,
      "support": 140.0
    },
    "8": {
      "precision": 0.8974358974358975,
      "recall": 0.75,
      "f1-score": 0.8171206225680934,
      "support": 140.0
    },
    "9": {
      "precision": 0.9381443298969072,
      "recall": 0.6453900709219859,
      "f1-score": 0.7647058823529411,
      "support": 141.0
    },
    "accuracy": 0.6863863150392017,
    "macro avg": {
      "precision": 0.7797062750261684,
      "recall": 0.6865704154002026,
      "f1-score": 0.7023609110359109,
      "support": 1403.0
    },
    "weighted avg": {
      "precision": 0.7797362367207561,
      "recall": 0.6863863150392017,
      "f1-score": 0.7023052356357039,
      "support": 1403.0
    }
  },
  "confusion_matrix": [
    [
      125,
      10,
      0,
      1,
      0,
      3,
      0,
      1,
      0,
      0
    ],
    [
      6,
      130,
      1,
      0,
      0,
      0,
      3,
      0,
      0,
      0
    ],
    [
      7,
      54,
      72,
      8,
      0,
      0,
      0,
      0,
      0,
      0
    ],
    [
      3,
      12,
      61,
      58,
      0,
      0,
      0,
      3,
      0,
      3
    ],
    [
      7,
      25,
      11,
      0,
      91,
      6,
      0,
      0,
      0,
      1
    ],
    [
      7,
      13,
      3,
      0,
      1,
      102,
      1,
      3,
      9,
      1
    ],
    [
      1,
      60,
      0,
      1,
      0,
      0,
      75,
      2,
      1,
      0
    ],
    [
      2,
      17,
      3,
      1,
      1,
      0,
      2,
      114,
      0,
      0
    ],
    [
      4,
      25,
      2,
      0,
      0,
      1,
      1,
      1,
      105,
      1
    ],
    [
      2,
      24,
      2,
      0,
      0,
      5,
      15,
      0,
      2,
      91
    ]
  ]
}