{
  "model": "hog_svm",
  "accuracy": 0.9059158945117605,
  "train_time_seconds": 51.99541090003913,
  "classification_report": {
    "0": {
      "precision": 0.825503355704698,
      "recall": 0.8785714285714286,
      "f1-score": 0.8512110726643599,
      "support": 140.0
    },
    "1": {
      "precision": 0.916083916083916,
      "recall": 0.9357142857142857,
      "f1-score": 0.9257950530035336,
      "support": 140.0
    },
    "2": {
      "precision": 0.7898550724637681,
      "recall": 0.7730496453900709,
      "f1-score": 0.7813620071684588,
      "support": 141.0
    },
    "3": {
      "precision": 0.8079470198675497,
      "recall": 0.8714285714285714,
      "f1-score": 0.8384879725085911,
      "support": 140.0
    },
    "4": {
      "precision": 0.9637681159420289,
      "recall": 0.9432624113475178,
      "f1-score": 0.953405017921147,
      "support": 141.0
    },
    "5": {
      "precision": 0.9552238805970149,
      "recall": 0.9142857142857143,
      "f1-score": 0.9343065693430657,
      "support": 140.0
    },
    "6": {
      "precision": 0.9154929577464789,
      "recall": 0.9285714285714286,
      "f1-score": 0.9219858156028369,
      "support": 140.0
    },
    "7": {
      "precision": 0.9701492537313433,
      "recall": 0.9285714285714286,
      "f1-score": 0.948905109489051,
      "support": 140.0
    },
    "8": {
      "precision": 0.9781021897810219,
      "recall": 0.9571428571428572,
      "f1-score": 0.9675090252707581,
      "support": 140.0
    },
    "9": {
      "precision": 0.9562043795620438,
      "recall": 0.9290780141843972,
      "f1-score": 0.9424460431654677,
      "support": 141.0
    },
    "accuracy": 0.9059158945117605,
    "macro avg": {
      "precision": 0.9078330141479863,
      "recall": 0.9059675785207698,
      "f1-score": 0.9065413686137269,
      "support": 1403.0
    },
    "weighted avg": {
      "precision": 0.9078232696900561,
      "recall": 0.9059158945117605,
      "f1-score": 0.9065111397914988,
      "support": 1403.0
    }
  },
  "confusion_matrix": [
    [
      123,
      7,
      2,
      0,
      1,
      5,
      2,
      0,
      0,
      0
    ],
    [
      3,
      131,
      2,
      0,
      0,
      0,
      2,
      0,
      1,
      1
    ],
    [
      2,
      1,
      109,
      24,
      1,
      0,
      1,
      1,
      0,
      2
    ],
    [
      2,
      0,
      15,
      122,
      0,
      0,
      1,
      0,
      0,
      0
    ],
    [
      1,
      0,
      3,
      2,
      133,
      0,
      0,
      2,
      0,
      0
    ],
    [
      10,
      0,
      0,
      0,
      1,
      128,
      0,
      0,
      1,
      0
    ],
    [
      2,
      3,
      0,
      1,
      0,
      0,
      130,
      1,
      1,
      2
    ],
    [
      2,
      0,
      4,
      2,
      1,
      0,
      1,
      130,
      0,
      0
    ],
    [
      2,
      1,
      1,
      0,
      1,
      0,
      0,
      0,
      134,
      1
    ],
    [
      2,
      0,
      2,
      0,
      0,
      1,
      5,
      0,
      0,
      131
    ]
  ]
}