{
  "train_loss": [
    1.7551184868339003,
    0.6846679085989413,
    0.4314833579762825,
    0.3308951757330308,
    0.2726993999014928,
    0.2270756994612441,
    0.2088548289536519,
    0.1675795492390989,
    0.1641125383235463,
    0.14057896846323362,
    0.12993279506315067,
    0.12108569162050398,
    0.12188834955074844,
    0.10378617323419922,
    0.09680188317349887,
    0.09090690585472276,
    0.08386639975996033,
    0.08314113225062172,
    0.08063068707267959,
    0.07102716778859644,
    0.07190823965813364,
    0.06914113276190571,
    0.06570751546128639,
    0.07233541027733144,
    0.06067361704623818,
    0.05533948427306686,
    0.05328724422471454,
    0.04936734354898983,
    0.055719627195797046,
    0.052279438194516414,
    0.04422545305320195,
    0.0533568204631723,
    0.04788251114401588,
    0.0506025865036536,
    0.04743065761645574,
    0.04795170407016556,
    0.04711443439547209,
    0.026834601224304054,
    0.023209802887201127,
    0.02676244724891949,
    0.024473119585531514
  ],
  "val_loss": [
    0.7240913454204075,
    0.34997624624387685,
    0.3214846255095641,
    0.17182812551714044,
    0.19490099566511693,
    0.1499530414966986,
    0.09492980798283929,
    0.08511760643684703,
    0.0969570920710982,
    0.07720771264258278,
    0.07141604624454798,
    0.0643926172493326,
    0.07029625896986218,
    0.06728615788855828,
    0.06437214124966387,
    0.04363963649622809,
    0.08198824822278254,
    0.06681128755443,
    0.057670954756369644,
    0.04477368669515308,
    0.04011146352757911,
    0.039214934349610084,
    0.04038999562690462,
    0.03876712032130118,
    0.04067620006522772,
    0.04545093331347816,
    0.03317442256193369,
    0.05330715822377282,
    0.052095157048464374,
    0.043379921235357374,
    0.03262891327225259,
    0.06314321907540084,
    0.05304757815575793,
    0.058834701016732625,
    0.040721569611018686,
    0.045761704412418495,
    0.05802572874334733,
    0.038000137315410056,
    0.04064022486733579,
    0.04679949847360563,
    0.042159562322273574
  ],
  "train_acc": [
    0.38563789152024447,
    0.762261268143621,
    0.852559205500382,
    0.892436974789916,
    0.9121466768525592,
    0.9262032085561497,
    0.9365928189457601,
    0.9497326203208556,
    0.9506493506493506,
    0.960427807486631,
    0.9624140565317036,
    0.9657754010695188,
    0.9639419404125287,
    0.9715813598166539,
    0.971886936592819,
    0.9763177998472116,
    0.9758594346829641,
    0.9757066462948816,
    0.9763177998472116,
    0.9789152024446142,
    0.9795263559969443,
    0.9812070282658518,
    0.9812070282658518,
    0.9790679908326967,
    0.9827349121466769,
    0.9838044308632544,
    0.9851795263559969,
    0.9865546218487395,
    0.984873949579832,
    0.9844155844155844,
    0.9874713521772346,
    0.986401833460657,
    0.9847211611917495,
    0.985485103132162,
    0.986096256684492,
    0.985485103132162,
    0.9862490450725745,
    0.9931245225362872,
    0.9941940412528648,
    0.9914438502673797,
    0.9941940412528648
  ],
  "val_acc": [
    0.7489300998573466,
    0.9072753209700428,
    0.8987161198288159,
    0.9450784593437945,
    0.9372325249643366,
    0.9579172610556348,
    0.9714693295292439,
    0.9750356633380884,
    0.9629101283880172,
    0.9750356633380884,
    0.9778887303851641,
    0.978601997146933,
    0.978601997146933,
    0.9757489300998573,
    0.9771754636233951,
    0.9864479315263909,
    0.9743223965763196,
    0.9778887303851641,
    0.9807417974322397,
    0.9821683309557775,
    0.9878744650499287,
    0.9835948644793152,
    0.9843081312410842,
    0.985021398002853,
    0.9835948644793152,
    0.985021398002853,
    0.9885877318116976,
    0.985021398002853,
    0.9843081312410842,
    0.9864479315263909,
    0.9878744650499287,
    0.9821683309557775,
    0.985021398002853,
    0.9807417974322397,
    0.985734664764622,
    0.9864479315263909,
    0.9814550641940085,
    0.9900142653352354,
    0.9907275320970043,
    0.9864479315263909,
    0.9893009985734664
  ]
}