{
  "train_loss": [
    2.164298651544441,
    1.575838797232684,
    1.0001583370750782,
    0.7077046115586009,
    0.533203053938878,
    0.4402551256034828,
    0.3972599236267591,
    0.3737958281799707,
    0.32249777677680264,
    0.29581208197873815,
    0.28000147697395544,
    0.27511665342963315,
    0.25147620051120234,
    0.243252336742133,
    0.2206855506000854,
    0.19649495708295825,
    0.20548043943047978,
    0.19796974346599477,
    0.18550705139285467,
    0.20632501987212482,
    0.18255874058551877,
    0.17440221900471847,
    0.1803827695224101,
    0.15968305949232703,
    0.15169000420249812,
    0.15028217171053448,
    0.1569405700479235,
    0.1524879547090727,
    0.14370614482392965,
    0.1514100966640699,
    0.15295949679371781,
    0.13959095924637352,
    0.14747554945344685,
    0.13125847491305506,
    0.12885330748994037,
    0.12561611038205095,
    0.1325980228217528,
    0.1318680979852188,
    0.12242177250596564,
    0.1215611414248202,
    0.1219141421835326,
    0.12075566318230468,
    0.12400323406396885,
    0.12103458568482248,
    0.11385631544545373,
    0.11278937326486645,
    0.1178016519164019,
    0.10481383530373242,
    0.11211697978314049,
    0.09328297548525383,
    0.09474411582683816,
    0.09047286309091256,
    0.0921134723792944,
    0.09833007182803566,
    0.08960562715032248,
    0.09051884459381435,
    0.08357961883631836,
    0.08585212416747674,
    0.08232137977997249,
    0.08331561600825002
  ],
  "val_loss": [
    1.7818400468703854,
    1.0640598726850774,
    0.48078991428081386,
    0.31935283339737824,
    0.23245848923623988,
    0.25476172296449906,
    0.1847006981706143,
    0.1796016972219723,
    0.16207308089427022,
    0.14693976932347416,
    0.11648620958951503,
    0.10634409971588349,
    0.11345503975593414,
    0.10909205263802056,
    0.11099954616921434,
    0.08616956755433886,
    0.08313957636328294,
    0.08866000381669033,
    0.08654440979150452,
    0.0836825799967525,
    0.08479770107696978,
    0.0681273957366355,
    0.06706173558548072,
    0.058993251893281425,
    0.05591376776941195,
    0.06383389811670559,
    0.061153381988512466,
    0.05233510393654654,
    0.05294653859132962,
    0.06144788195399007,
    0.05012263286561199,
    0.06406270404786042,
    0.06286619304042952,
    0.08893162107491034,
    0.04940961261337009,
    0.04370058398592829,
    0.04929297753794387,
    0.04410843095661124,
    0.0448180011555967,
    0.052517905129855776,
    0.040379478655936205,
    0.05578681460306707,
    0.05090068490410519,
    0.04740339753014725,
    0.050862133822479574,
    0.05347542394120007,
    0.05334563251716296,
    0.04204287895794623,
    0.0405027963248973,
    0.036586161823770544,
    0.04282363778121036,
    0.036401400855408925,
    0.04145277981990457,
    0.040020578005450766,
    0.041360791816446564,
    0.040170769753218885,
    0.0356284553283419,
    0.037902434667394354,
    0.03751349134819739,
    0.040685992705211914
  ],
  "train_acc": [
    0.17158135981665393,
    0.41757066462948816,
    0.6363636363636364,
    0.7645530939648587,
    0.8180290297937357,
    0.8505729564553094,
    0.8719633307868602,
    0.8719633307868602,
    0.8962566844919786,
    0.9026737967914439,
    0.9119938884644767,
    0.9113827349121467,
    0.9228418640183346,
    0.9272727272727272,
    0.9300229182582124,
    0.9370511841100077,
    0.9387318563789152,
    0.9362872421695951,
    0.9428571428571428,
    0.93414820473644,
    0.9443850267379679,
    0.9497326203208556,
    0.9422459893048128,
    0.9529411764705882,
    0.9526355996944232,
    0.9552330022918258,
    0.9508021390374332,
    0.9535523300229183,
    0.9573720397249809,
    0.9537051184110008,
    0.9543162719633308,
    0.9573720397249809,
    0.9544690603514133,
    0.960122230710466,
    0.9596638655462185,
    0.959816653934301,
    0.9581359816653934,
    0.960427807486631,
    0.9592055003819709,
    0.9619556913674561,
    0.9631779984721162,
    0.9637891520244461,
    0.9605805958747136,
    0.9628724216959511,
    0.9639419404125287,
    0.9666921313980138,
    0.9640947288006112,
    0.9674560733384263,
    0.9651642475171887,
    0.9728036669213139,
    0.971886936592819,
    0.971886936592819,
    0.9741787624140565,
    0.9712757830404889,
    0.9754010695187165,
    0.9726508785332315,
    0.975553857906799,
    0.9723453017570665,
    0.9752482811306341,
    0.975553857906799
  ],
  "val_acc": [
    0.3744650499286733,
    0.6405135520684736,
    0.8758915834522111,
    0.9037089871611983,
    0.9293865905848787,
    0.9186875891583453,
    0.9315263908701854,
    0.9386590584878745,
    0.9436519258202568,
    0.9514978601997147,
    0.9557774607703281,
    0.9650499286733238,
    0.9621968616262482,
    0.9572039942938659,
    0.9643366619115549,
    0.9650499286733238,
    0.9714693295292439,
    0.9686162624821684,
    0.9707560627674751,
    0.9700427960057061,
    0.9707560627674751,
    0.9757489300998573,
    0.9736091298145506,
    0.9771754636233951,
    0.978601997146933,
    0.9778887303851641,
    0.9807417974322397,
    0.9800285306704708,
    0.9821683309557775,
    0.978601997146933,
    0.9821683309557775,
    0.9771754636233951,
    0.9764621968616263,
    0.9707560627674751,
    0.9843081312410842,
    0.9835948644793152,
    0.9835948644793152,
    0.9828815977175464,
    0.985734664764622,
    0.985021398002853,
    0.9871611982881597,
    0.9800285306704708,
    0.9828815977175464,
    0.9821683309557775,
    0.9814550641940085,
    0.9800285306704708,
    0.978601997146933,
    0.985021398002853,
    0.985021398002853,
    0.985734664764622,
    0.9864479315263909,
    0.9871611982881597,
    0.9878744650499287,
    0.9878744650499287,
    0.9885877318116976,
    0.9885877318116976,
    0.9885877318116976,
    0.9900142653352354,
    0.9871611982881597,
    0.9871611982881597
  ]
}