{
  "train_loss": [
    2.2337996744763498,
    1.963845332821787,
    1.6247097075850658,
    1.3935246092021876,
    1.2592009175361067,
    1.1624318748871911,
    1.0872749743705674,
    1.047760214488683,
    0.9927204004583512,
    0.9701667359806,
    0.939406983610143,
    0.9092544499929849,
    0.8890871867776554,
    0.8772324170749364,
    0.8663573504951366,
    0.8728697767869674,
    0.850512809767989,
    0.8384485222348008,
    0.8328683179147923,
    0.8183059709594849,
    0.8195861267442462,
    0.8137907651929659,
    0.8102046013698039,
    0.8019822251987967,
    0.7896657983795935,
    0.79399040502114,
    0.7719439719996442,
    0.7779152565643567,
    0.7821126048031247,
    0.7766377868681485,
    0.7740472903863631,
    0.7665378859700639,
    0.7611803988448712,
    0.7592164118659688,
    0.7534678677915161,
    0.7570269732551779,
    0.7552427475100897,
    0.744476095049139,
    0.7478742175834429,
    0.754133341492725,
    0.7306303376728929,
    0.7518071191651481,
    0.7553215382115545,
    0.7303038289840209,
    0.7092045291768767,
    0.7147553031912645,
    0.7204585598205409,
    0.7173282699971093,
    0.7229734041747289,
    0.703880463090901,
    0.7124924808899986,
    0.711388972863794,
    0.7033427228993182,
    0.7071229269524583,
    0.6984499564509614,
    0.7037481083953717,
    0.7090209715597678,
    0.7126780033475848,
    0.7013462366631598,
    0.7052214291917176
  ],
  "val_loss": [
    2.2740014320433395,
    1.5855775294392322,
    1.2954847708918398,
    1.0655525189833703,
    0.9290875460043784,
    0.8430174782170718,
    0.7605355478047304,
    0.7440669312116593,
    0.7220047060161107,
    0.6988228312912749,
    0.6801279827463473,
    0.6808248486226364,
    0.6817193496414327,
    0.6529719193549707,
    0.6470853914207807,
    0.6379677958563289,
    0.641794289824966,
    0.6483237603931726,
    0.6226634972445805,
    0.6321500953866139,
    0.6310149312189404,
    0.6318730796114694,
    0.6079377689307154,
    0.6382719571682254,
    0.597057538518892,
    0.6038265724835145,
    0.611159132652718,
    0.6128107839066019,
    0.6000864945362706,
    0.6095185077479495,
    0.5945475327645491,
    0.5998117183992764,
    0.5855041362249562,
    0.6227372373731942,
    0.5888133235222602,
    0.5980416418142224,
    0.5738656137367117,
    0.5888573790072714,
    0.5867783189159997,
    0.5910927423737018,
    0.5995468984486884,
    0.5846289030665508,
    0.5769494379127927,
    0.5736256662687119,
    0.5752010285939367,
    0.572502939830323,
    0.5696855347268762,
    0.5676159055188787,
    0.5713789502156104,
    0.5693335310368667,
    0.5706209972309488,
    0.5692120437615268,
    0.5666954267382112,
    0.568454967330764,
    0.5628822695001556,
    0.5563524929160909,
    0.5621852865402777,
    0.5609357006709688,
    0.568033637231835,
    0.5605018064911117
  ],
  "train_acc": [
    0.14728800611153553,
    0.29197860962566846,
    0.47547746371275784,
    0.6001527883880825,
    0.6854087089381207,
    0.7349121466768526,
    0.7760122230710466,
    0.7938884644766998,
    0.8210847975553858,
    0.8316271963330787,
    0.8400305576776165,
    0.8563789152024446,
    0.8637127578304049,
    0.8637127578304049,
    0.8753246753246753,
    0.8719633307868602,
    0.8847975553857906,
    0.8857142857142857,
    0.8892284186401833,
    0.8988540870893812,
    0.8961038961038961,
    0.8962566844919786,
    0.8994652406417112,
    0.9037433155080213,
    0.9087853323147441,
    0.9095492742551566,
    0.917494270435447,
    0.9139801375095493,
    0.9133689839572192,
    0.9144385026737968,
    0.9177998472116119,
    0.9168831168831169,
    0.919633307868602,
    0.919938884644767,
    0.9236058059587471,
    0.9194805194805195,
    0.9194805194805195,
    0.9262032085561497,
    0.9234530175706647,
    0.9207028265851795,
    0.9298701298701298,
    0.9254392666157372,
    0.9216195569136746,
    0.9292589763177999,
    0.9422459893048128,
    0.935064935064935,
    0.9372039724980902,
    0.9375095492742551,
    0.9313980137509549,
    0.9430099312452254,
    0.9381207028265852,
    0.9388846447669977,
    0.9404125286478228,
    0.9411764705882353,
    0.9443850267379679,
    0.9413292589763178,
    0.9401069518716577,
    0.9353705118411001,
    0.9428571428571428,
    0.9407181054239878
  ],
  "val_acc": [
    0.1369472182596291,
    0.46504992867332384,
    0.6654778887303852,
    0.7853067047075606,
    0.8409415121255349,
    0.8951497860199714,
    0.9308131241084165,
    0.9322396576319544,
    0.9265335235378032,
    0.9365192582025678,
    0.9436519258202568,
    0.948644793152639,
    0.9429386590584878,
    0.956490727532097,
    0.9614835948644793,
    0.9657631954350927,
    0.9679029957203994,
    0.9600570613409415,
    0.9721825962910129,
    0.9643366619115549,
    0.9686162624821684,
    0.963623395149786,
    0.9736091298145506,
    0.9693295292439372,
    0.9771754636233951,
    0.9750356633380884,
    0.9721825962910129,
    0.9743223965763196,
    0.9764621968616263,
    0.9693295292439372,
    0.978601997146933,
    0.9771754636233951,
    0.9814550641940085,
    0.9657631954350927,
    0.9771754636233951,
    0.9771754636233951,
    0.9843081312410842,
    0.9793152639087018,
    0.9814550641940085,
    0.9743223965763196,
    0.9736091298145506,
    0.9821683309557775,
    0.985734664764622,
    0.9843081312410842,
    0.9814550641940085,
    0.9814550641940085,
    0.985021398002853,
    0.985734664764622,
    0.9821683309557775,
    0.9828815977175464,
    0.9814550641940085,
    0.9814550641940085,
    0.9821683309557775,
    0.9828815977175464,
    0.985734664764622,
    0.9878744650499287,
    0.985734664764622,
    0.9843081312410842,
    0.9843081312410842,
    0.9843081312410842
  ]
}