{
  "train_loss": [
    2.231948021443588,
    2.0263490834247073,
    1.8445208617983382,
    1.571256576047042,
    1.3479239894744546,
    1.1986665918592099,
    1.1092886554639334,
    1.0480068138121101,
    1.0060888256345477,
    0.9780497233862181,
    0.949468070846919,
    0.9246529454762377,
    0.9061923596401812,
    0.8834764373129429,
    0.882010998773247,
    0.8819157085498842,
    0.8613248276473731,
    0.8467837326757957,
    0.8437887331290133,
    0.8321316557863089,
    0.8308047293341734,
    0.8219099181038992,
    0.813991082434075,
    0.8198831270267437,
    0.809604196078546,
    0.8001254842060954,
    0.7884587569670244,
    0.7854344472983487,
    0.7929379263390467,
    0.7864977206320504,
    0.7737076151544033,
    0.7772733627338279,
    0.7797443915724845,
    0.767307477110301,
    0.7666582793111196,
    0.7694830758959579,
    0.7740271216589955,
    0.7579222922292349,
    0.7537251417467483,
    0.7637050960517457,
    0.7443277781750975,
    0.7558709102154142,
    0.7594300543105357,
    0.7354979332209179,
    0.7254506990962396,
    0.7248593741832934,
    0.7280848531526314,
    0.728078242300848,
    0.7297340392337854,
    0.7125286400727956,
    0.7174486715070522,
    0.7163760579388228,
    0.7137387643705533,
    0.7142654394083482,
    0.712153784968272,
    0.7191931193798348,
    0.7190447627906129,
    0.721440401780323,
    0.7075876718263211,
    0.7090866347229873
  ],
  "val_loss": [
    2.2212984915636746,
    2.2324127317665305,
    1.6146175028084009,
    1.0836399201829832,
    0.8860950094146838,
    0.823826466664438,
    0.7676880457431886,
    0.7357469781829356,
    0.725628695627422,
    0.7020929723595416,
    0.714102420249101,
    0.7068631795265535,
    0.6865118226719311,
    0.6729058382684596,
    0.6478942364836896,
    0.6550862695623226,
    0.6368055898860926,
    0.6587235133420044,
    0.6350487110958289,
    0.6390002937017596,
    0.6714412792773118,
    0.6433683756244676,
    0.6250508866364538,
    0.6285881711310904,
    0.6187457257772818,
    0.6165512188014902,
    0.6110449202900776,
    0.6175003050057252,
    0.6024593931972215,
    0.6361820942665133,
    0.6004119620003476,
    0.5896331366900881,
    0.5939040516480569,
    0.5981474658221899,
    0.5875631689855274,
    0.6021345232250687,
    0.5742264986888488,
    0.5809959158747751,
    0.5954333717234634,
    0.5845477426273167,
    0.5793531332988712,
    0.5947061622363865,
    0.5770807409932712,
    0.5790269326381439,
    0.5800211274844944,
    0.5768429323201852,
    0.5725856119827946,
    0.570078038114964,
    0.572885502252021,
    0.5686701017507643,
    0.570372526298746,
    0.5749871310766005,
    0.5673930143323672,
    0.5728573079796219,
    0.5702818222290779,
    0.562504693631949,
    0.5653041602881591,
    0.5684312981647703,
    0.5711277682498926,
    0.5631959383906039
  ],
  "train_acc": [
    0.14820473644003057,
    0.22780748663101605,
    0.36165011459129104,
    0.5248281130634072,
    0.6496562261268144,
    0.7239113827349122,
    0.7676088617265088,
    0.79877769289534,
    0.8184873949579832,
    0.8340718105423988,
    0.8381970970206264,
    0.851031321619557,
    0.8620320855614974,
    0.8711993888464477,
    0.8672268907563025,
    0.8702826585179526,
    0.8823529411764706,
    0.8823529411764706,
    0.8867838044308632,
    0.892131398013751,
    0.8922841864018335,
    0.8928953399541635,
    0.8988540870893812,
    0.8944232238349885,
    0.8990068754774637,
    0.9055767761650114,
    0.9087853323147441,
    0.9116883116883117,
    0.908174178762414,
    0.9129106187929718,
    0.9129106187929718,
    0.9116883116883117,
    0.9127578304048892,
    0.9159663865546218,
    0.9158135981665393,
    0.9179526355996944,
    0.9127578304048892,
    0.9234530175706647,
    0.9214667685255921,
    0.920244461420932,
    0.9263559969442322,
    0.919633307868602,
    0.9207028265851795,
    0.9260504201680673,
    0.9336898395721925,
    0.9327731092436975,
    0.9323147440794499,
    0.9309396485867074,
    0.9323147440794499,
    0.9404125286478228,
    0.9385790679908327,
    0.9375095492742551,
    0.9381207028265852,
    0.9393430099312452,
    0.9402597402597402,
    0.9375095492742551,
    0.9375095492742551,
    0.9358288770053476,
    0.9414820473644003,
    0.9394957983193277
  ],
  "val_acc": [
    0.14621968616262482,
    0.12981455064194009,
    0.47360912981455067,
    0.8402282453637661,
    0.9015691868758916,
    0.9108416547788873,
    0.9215406562054208,
    0.9293865905848787,
    0.9265335235378032,
    0.9443651925820257,
    0.942225392296719,
    0.9358059914407989,
    0.9536376604850214,
    0.9514978601997147,
    0.9514978601997147,
    0.9550641940085592,
    0.9607703281027105,
    0.9557774607703281,
    0.963623395149786,
    0.9650499286733238,
    0.9472182596291013,
    0.9621968616262482,
    0.9607703281027105,
    0.9614835948644793,
    0.9664764621968617,
    0.9671897289586305,
    0.9693295292439372,
    0.9736091298145506,
    0.9764621968616263,
    0.9607703281027105,
    0.9736091298145506,
    0.9757489300998573,
    0.9714693295292439,
    0.9778887303851641,
    0.9750356633380884,
    0.9764621968616263,
    0.9814550641940085,
    0.978601997146933,
    0.9764621968616263,
    0.9807417974322397,
    0.9828815977175464,
    0.9821683309557775,
    0.978601997146933,
    0.9793152639087018,
    0.978601997146933,
    0.9778887303851641,
    0.9814550641940085,
    0.9807417974322397,
    0.9814550641940085,
    0.9821683309557775,
    0.9814550641940085,
    0.9807417974322397,
    0.9814550641940085,
    0.9821683309557775,
    0.9821683309557775,
    0.985021398002853,
    0.985734664764622,
    0.9814550641940085,
    0.985734664764622,
    0.9843081312410842
  ]
}