{
  "train_loss": [
    2.2040588527712957,
    1.9684780839930243,
    1.6962037765861377,
    1.4807283124275294,
    1.3235994895056424,
    1.1988017657952421,
    1.1028340989164582,
    1.0449060452813133,
    0.9921966978572907,
    0.9663276645406864,
    0.9325087791549239,
    0.9180585900092507,
    0.8841839294200458,
    0.8729394524037337,
    0.871894631192737,
    0.8633741117051943,
    0.8438486155979136,
    0.8395831066565809,
    0.8377641826663152,
    0.8221233789022867,
    0.8223312157360627,
    0.8046293092375042,
    0.8101979758923431,
    0.8025149566877698,
    0.7936610071143638,
    0.7915769882835989,
    0.7785361759165391,
    0.77414704606768,
    0.7757733179377271,
    0.7758476550384183,
    0.7680258386639623,
    0.7668300450895468,
    0.7628176570940418,
    0.769668227957805,
    0.7524141393607586,
    0.7622985460814672,
    0.7525303332199114,
    0.7443513164727901,
    0.747816723516827,
    0.7551852339182854,
    0.7353781142427869,
    0.7473198846335444,
    0.7481979843493725,
    0.7417521557068443,
    0.7280218625451155,
    0.728910026247944,
    0.7359415253215933,
    0.7377613621508465,
    0.7388502143374648,
    0.723444565495432,
    0.7318327382013395,
    0.7256385081956367,
    0.7301925499626841,
    0.7210984440592977,
    0.7112423110864288,
    0.7086717214904913,
    0.7047701069560098,
    0.706162437835297,
    0.7012730132085481,
    0.7003329759066664
  ],
  "val_loss": [
    2.176871059964625,
    2.0947580031423527,
    1.4459145427940576,
    1.0485730757046698,
    0.9867120789903376,
    0.863362591123785,
    0.8205003002910913,
    0.7670717712985976,
    0.7302476633632404,
    0.7119477230540016,
    0.700340474383127,
    0.6801864586441051,
    0.6821802880896651,
    0.6564980432412424,
    0.6524767883323909,
    0.6430721565252023,
    0.6366764761922022,
    0.6332279059414176,
    0.625814370609044,
    0.6306283968831605,
    0.6211582541295704,
    0.6280833396013725,
    0.6221194188196887,
    0.6251153040374396,
    0.5989562824007107,
    0.599387451772513,
    0.5885720082934675,
    0.6030454781018038,
    0.5943860720295708,
    0.6041753711271898,
    0.6000468520907295,
    0.5862366222110863,
    0.5929408268989748,
    0.6073662304504112,
    0.58325060976725,
    0.5917392452161084,
    0.5799036156093853,
    0.5873753127459963,
    0.5833889332715523,
    0.5798873826542527,
    0.5813384706555692,
    0.5798684299077185,
    0.5760326050487633,
    0.5757130056237018,
    0.5741222630893963,
    0.5795126910216458,
    0.580603585943856,
    0.5651854587009392,
    0.5755928266745661,
    0.572455093881033,
    0.5698830096765863,
    0.5746300540194872,
    0.5863915896109609,
    0.5720446944746923,
    0.5650823538891769,
    0.5563712922720698,
    0.5601031498800161,
    0.5587302685294103,
    0.5674665286265494,
    0.5619088968264734
  ],
  "train_acc": [
    0.1682200152788388,
    0.29152024446142094,
    0.439266615737204,
    0.5578304048892284,
    0.6594346829640947,
    0.7197860962566844,
    0.7697478991596639,
    0.8001527883880825,
    0.8183346065699006,
    0.8302521008403362,
    0.8504201680672269,
    0.856226126814362,
    0.8672268907563025,
    0.8705882352941177,
    0.8748663101604278,
    0.8751718869365929,
    0.8843391902215432,
    0.8834224598930481,
    0.8904507257448434,
    0.8954927425515661,
    0.8962566844919786,
    0.9003819709702062,
    0.9012987012987013,
    0.9034377387318564,
    0.9087853323147441,
    0.9089381207028265,
    0.9127578304048892,
    0.9164247517188694,
    0.9095492742551566,
    0.9145912910618793,
    0.9156608097784569,
    0.9223834988540871,
    0.9167303284950343,
    0.917494270435447,
    0.9260504201680673,
    0.9182582123758595,
    0.9245225362872421,
    0.9291061879297173,
    0.9254392666157372,
    0.9239113827349121,
    0.9295645530939649,
    0.9225362872421696,
    0.9239113827349121,
    0.9275783040488923,
    0.9352177234530176,
    0.9339954163483575,
    0.9297173414820473,
    0.9277310924369748,
    0.9284950343773873,
    0.9336898395721925,
    0.9317035905271199,
    0.9327731092436975,
    0.9301757066462949,
    0.9327731092436975,
    0.9399541634835753,
    0.9396485867074102,
    0.9414820473644003,
    0.9414820473644003,
    0.9423987776928954,
    0.9408708938120702
  ],
  "val_acc": [
    0.16975748930099857,
    0.19400855920114124,
    0.49072753209700426,
    0.8273894436519258,
    0.8288159771754636,
    0.8937232524964337,
    0.8980028530670471,
    0.9101283880171184,
    0.9300998573466477,
    0.9400855920114123,
    0.9443651925820257,
    0.9457917261055635,
    0.9465049928673324,
    0.9543509272467903,
    0.956490727532097,
    0.9536376604850214,
    0.9572039942938659,
    0.9643366619115549,
    0.9629101283880172,
    0.9629101283880172,
    0.9671897289586305,
    0.963623395149786,
    0.9600570613409415,
    0.9536376604850214,
    0.9707560627674751,
    0.9728958630527818,
    0.9750356633380884,
    0.9764621968616263,
    0.9743223965763196,
    0.9686162624821684,
    0.9707560627674751,
    0.9778887303851641,
    0.9721825962910129,
    0.9714693295292439,
    0.9800285306704708,
    0.9728958630527818,
    0.9821683309557775,
    0.9778887303851641,
    0.9793152639087018,
    0.9778887303851641,
    0.9764621968616263,
    0.9807417974322397,
    0.9835948644793152,
    0.9793152639087018,
    0.9778887303851641,
    0.978601997146933,
    0.9835948644793152,
    0.9814550641940085,
    0.9800285306704708,
    0.9807417974322397,
    0.9800285306704708,
    0.978601997146933,
    0.9778887303851641,
    0.9778887303851641,
    0.9821683309557775,
    0.9864479315263909,
    0.9835948644793152,
    0.985734664764622,
    0.9821683309557775,
    0.9828815977175464
  ]
}