{
  "accuracies": {
    "CNN (aug)": 0.9885958660014256,
    "CNN (no aug)": 0.9885958660014256
  },
  "cnn_classification_report": {
    "0": {
      "precision": 0.9925925925925926,
      "recall": 0.9571428571428572,
      "f1-score": 0.9745454545454545,
      "support": 140.0
    },
    "1": {
      "precision": 0.9928057553956835,
      "recall": 0.9857142857142858,
      "f1-score": 0.989247311827957,
      "support": 140.0
    },
    "2": {
      "precision": 0.9652777777777778,
      "recall": 0.9858156028368794,
      "f1-score": 0.9754385964912281,
      "support": 141.0
    },
    "3": {
      "precision": 0.9855072463768116,
      "recall": 0.9714285714285714,
      "f1-score": 0.9784172661870504,
      "support": 140.0
    },
    "4": {
      "precision": 1.0,
      "recall": 1.0,
      "f1-score": 1.0,
      "support": 141.0
    },
    "5": {
      "precision": 0.9586206896551724,
      "recall": 0.9928571428571429,
      "f1-score": 0.9754385964912281,
      "support": 140.0
    },
    "6": {
      "precision": 1.0,
      "recall": 0.9928571428571429,
      "f1-score": 0.996415770609319,
      "support": 140.0
    },
    "7": {
      "precision": 1.0,
      "recall": 1.0,
      "f1-score": 1.0,
      "support": 140.0
    },
    "8": {
      "precision": 1.0,
      "recall": 1.0,
      "f1-score": 1.0,
      "support": 140.0
    },
    "9": {
      "precision": 0.9929577464788732,
      "recall": 1.0,
      "f1-score": 0.9964664310954063,
      "support": 141.0
    },
    "accuracy": 0.9885958660014256,
    "macro avg": {
      "precision": 0.9887761808276911,
      "recall": 0.988581560283688,
      "f1-score": 0.9885969427247643,
      "support": 1403.0
    },
    "weighted avg": {
      "precision": 0.9887704124611718,
      "recall": 0.9885958660014256,
      "f1-score": 0.9886013006716012,
      "support": 1403.0
    }
  },
  "cnn_confusion_matrix": [
    [
      134,
      0,
      0,
      0,
      0,
      6,
      0,
      0,
      0,
      0
    ],
    [
      0,
      138,
      1,
      0,
      0,
      0,
      0,
      0,
      0,
      1
    ],
    [
      0,
      0,
      139,
      2,
      0,
      0,
      0,
      0,
      0,
      0
    ],
    [
      0,
      0,
      4,
      136,
      0,
      0,
      0,
      0,
      0,
      0
    ],
    [
      0,
      0,
      0,
      0,
      141,
      0,
      0,
      0,
      0,
      0
    ],
    [
      1,
      0,
      0,
      0,
      0,
      139,
      0,
      0,
      0,
      0
    ],
    [
      0,
      1,
      0,
      0,
      0,
      0,
      139,
      0,
      0,
      0
    ],
    [
      0,
      0,
      0,
      0,
      0,
      0,
      0,
      140,
      0,
      0
    ],
    [
      0,
      0,
      0,
      0,
      0,
      0,
      0,
      0,
      140,
      0
    ],
    [
      0,
      0,
      0,
      0,
      0,
      0,
      0,
      0,
      0,
      141
    ]
  ]
}