{"mean": 0.9810513257980347, "std": 0.0763348713517189}